#Remember to run php artisan migrate:refresh

INSERT INTO `payment_methods` (`id`, `name`, `created_at`, `updated_at`) VALUES
(1, 'Cash on Delivery', NULL, NULL),
(2, 'Debit/Credit Card', NULL, NULL),
(3, 'Paypal', NULL, NULL),
(4, 'Bank Transfer', NULL, NULL),
(5, 'Apple Pay/Google Pay', NULL, NULL);

INSERT INTO `brands` (`id`, `name`, `description`, `created_at`, `updated_at`) VALUES
(1, 'Apple', 'Manufacturer of iPhones, iPads, and Macs.', NULL, NULL),
(2, 'Samsung', 'Manufacturer of Galaxy phones and tablets.', NULL, NULL),
(3, 'Dell', 'Manufacturer of desktop and laptop computers.', NULL, NULL),
(4, 'HP', 'Manufacturer of desktop and laptop computers and printers.', NULL, NULL),
(5, 'Microsoft', 'Manufacturer of Surface tablets and laptops.', NULL, NULL),
(6, 'Lenovo', 'Manufacturer of ThinkPad laptops and Yoga tablets.', NULL, NULL),
(7, 'Asus', 'Manufacturer of laptops, desktops, and gaming computers.', NULL, NULL),
(8, 'Acer', 'Manufacturer of laptops and desktops for everyday use.', NULL, NULL),
(9, 'Sony', 'Manufacturer of Vaio laptops and Xperia phones.', NULL, NULL),
(10, 'LG', 'Manufacturer of smartphones and home appliances.', NULL, NULL),
(11, 'AMD', 'Advanced Micro Devices, Inc. is a semiconductor company that develops computer processors and related technologies for business and consumer markets.', NULL, NULL),
(12, 'NVIDIA', 'NVIDIA Corporation is a technology company that specializes in designing graphics processing units (GPUs) for the gaming, professional visualization, data center, and automotive markets.', NULL, NULL);

INSERT INTO `product_types` (`id`, `name`, `description`, `created_at`, `updated_at`) VALUES
(1, 'Laptops', 'Portable computers designed for mobility.', NULL, NULL),
(2, 'Desktops', 'Computers designed for use at a desk.', NULL, NULL),
(3, 'Smartphones', 'Mobile phones that are capable of advanced computing.', NULL, NULL),
(4, 'Tablets', 'Portable devices with a touchscreen display.', NULL, NULL),
(5, 'Gaming PCs', 'Powerful computers designed for gaming.', NULL, NULL),
(6, 'Monitors', 'Displays for computers and other devices.', NULL, NULL),
(7, 'Computer Peripherals', 'Accessories for computers such as keyboards, mice, and printers.', NULL, NULL),
(8, 'Printers', 'Devices that produce printed copies of digital documents.', NULL, NULL),
(9, 'PC Components', 'Individual components that can be used to build a computer such as CPUs, GPUs, and RAM.', NULL, NULL),
(10, 'Audio Equipment', 'Speakers, headphones, and other audio accessories for use with computers and other devices.', NULL, NULL);

INSERT INTO `products` (`id`, `brand_id`, `product_type_id`, `name`, `price`, `description`, `specifications`, `imageUrl`, `created_at`, `updated_at`) VALUES
(1, 1, 1, 'MacBook Pro', '1999.99', 'Powerful laptop for professionals', '16-inch Retina display, M1 Pro chip, up to 64GB memory', 'http://localhost:8000/api/images/1.jpg', NULL, '2023-04-24 09:58:10'),
(2, 2, 1, 'Galaxy Book Pro 360', '1199.99', 'Thin and light 2-in-1 laptop', '13.3-inch Super AMOLED display, Intel Core i7, 16GB memory', 'http://localhost:8000/api/images/2.jpg', NULL, '2023-04-24 09:58:10'),
(3, 3, 2, 'Inspiron Desktop', '499.99', 'Budget desktop for home use', '10th Gen Intel Core i5, 8GB memory, 512GB SSD', 'http://localhost:8000/api/images/3.jpg', NULL, '2023-04-24 09:58:10'),
(4, 4, 5, 'Pavilion Gaming Desktop', '799.99', 'Desktop for gaming enthusiasts', 'AMD Ryzen 5, NVIDIA GeForce GTX 1650 graphics, 8GB memory', 'http://localhost:8000/api/images/4.jpg', NULL, '2023-04-24 09:58:10'),
(5, 5, 1, 'Surface Laptop 4', '999.99', 'Sleek laptop for productivity', '13.5-inch PixelSense display, Intel Core i5, up to 16GB memory', 'http://localhost:8000/api/images/5.jpg', NULL, '2023-04-24 09:58:10'),
(6, 6, 1, 'ThinkPad X1 Carbon', '1599.99', 'Business laptop for professionals', '14-inch FHD display, 11th Gen Intel Core i7, 16GB memory', 'http://localhost:8000/api/images/6.jpg', NULL, '2023-04-24 09:58:10'),
(7, 12, 9, 'GeForce RTX 3080', '699.99', 'Powerful graphics card for gaming', '10GB GDDR6X memory, NVIDIA Ampere architecture', 'http://localhost:8000/api/images/7.jpg', NULL, '2023-04-24 09:58:10'),
(8, 4, 8, 'OfficeJet Pro 9025e', '329.99', 'All-in-one printer for small businesses', 'Wireless printing, scanning, copying, and faxing', 'http://localhost:8000/api/images/8.jpg', NULL, '2023-04-24 09:58:10'),
(9, 9, 9, 'Samsung 970 EVO Plus 1TB', '179.99', 'NVMe SSD for high-speed data transfer', 'Sequential read/write speeds up to 3500/3300 MB/s', 'http://localhost:8000/api/images/9.jpg', NULL, '2023-04-24 09:58:10'),
(10, 10, 10, 'Bose QuietComfort 35 II', '329.99', 'Wireless noise-cancelling headphones', '20-hour battery life, Google Assistant and Amazon Alexa built-in', 'http://localhost:8000/api/images/10.jpg', NULL, '2023-04-24 09:58:10'),
(11, 2, 1, 'Galaxy Book S', '799.99', 'Thin and light laptop for on-the-go', '13.3-inch FHD display, Qualcomm Snapdragon 8cx, up to 8GB memory', 'http://localhost:8000/api/images/11.jpg', NULL, '2023-04-24 09:58:10'),
(12, 3, 1, 'Dell XPS 13', '1299.99', 'Premium laptop for professionals', '13.4-inch FHD display, 11th Gen Intel Core i7, up to 16GB memory', 'http://localhost:8000/api/images/12.jpg', NULL, '2023-04-24 09:58:10'),
(13, 5, 3, 'Surface Duo 2', '1499.99', 'Foldable smartphone for productivity', 'Dual 5.8-inch AMOLED displays, Qualcomm Snapdragon 888, 8GB memory', 'http://localhost:8000/api/images/13.jpg', NULL, '2023-04-24 09:58:10'),
(14, 3, 6, 'Dell UltraSharp U2720Q', '559.99', '27-inch 4K monitor for content creators', '99% sRGB color gamut, USB-C and HDMI ports', 'http://localhost:8000/api/images/14.jpg', NULL, '2023-04-24 09:58:10'),
(15, 4, 8, 'LaserJet Pro M203dw', '169.99', 'Monochrome laser printer for small businesses', 'Wireless printing, up to 28 pages per minute', 'http://localhost:8000/api/images/15.jpg', NULL, '2023-04-24 09:58:10'),
(16, 9, 9, 'Crucial Ballistix 16GB DDR4 RAM', '89.99', 'High-performance memory for gaming and content creation', '3200 MHz, low profile heat spreader', 'http://localhost:8000/api/images/16.jpg', NULL, '2023-04-24 09:58:10'),
(17, 10, 10, 'Sony WH-1000XM4', '349.99', 'Wireless noise-cancelling headphones', '30-hour battery life, LDAC and DSEE Extreme audio upscaling', 'http://localhost:8000/api/images/17.jpg', NULL, '2023-04-24 09:58:10'),
(18, 1, 3, 'iPhone 13 Pro', '999.99', 'Premium smartphone for photography and videography', '6.1-inch Super Retina XDR display, A15 Bionic chip, 5G', 'http://localhost:8000/api/images/18.jpg', NULL, '2023-04-24 09:58:10'),
(19, 2, 3, 'Galaxy Z Fold 3', '1799.99', 'Foldable smartphone for multitasking', '7.6-inch foldable Dynamic AMOLED display, Qualcomm Snapdragon 888, 12GB memory', 'http://localhost:8000/api/images/19.jpg', NULL, '2023-04-24 09:58:10'),
(20, 3, 6, 'Dell UltraSharp U2419H', '209.99', '24-inch monitor for productivity', 'FHD display, USB-C and HDMI ports', 'http://localhost:8000/api/images/20.jpg', NULL, '2023-04-24 09:58:10'),
(21, 4, 1, 'HP Spectre x360', '1399.99', 'Premium 2-in-1 laptop', '13.5-inch OLED display, 11th Gen Intel Core i7, up to 16GB memory', 'http://localhost:8000/api/images/21.jpg', NULL, '2023-04-24 09:58:10'),
(22, 5, 1, 'Surface Laptop Go', '549.99', 'Affordable laptop for everyday use', '12.4-inch PixelSense display, Intel Core i5, up to 8GB memory', 'http://localhost:8000/api/images/22.jpg', NULL, '2023-04-24 09:58:10'),
(23, 6, 1, 'IdeaPad 3', '449.99', 'Budget laptop for students', '15.6-inch FHD display, AMD Ryzen 3, 8GB memory', 'http://localhost:8000/api/images/23.jpg', NULL, '2023-04-24 09:58:10'),
(24, 12, 9, 'GeForce RTX 3090', '1499.99', 'High-end graphics card for gaming and content creation', '24GB GDDR6X memory, NVIDIA Ampere architecture', 'http://localhost:8000/api/images/24.jpg', NULL, '2023-04-24 09:58:10'),
(25, 4, 8, 'Color LaserJet Pro MFP M477fdw', '599.99', 'Color laser printer for small businesses', 'Wireless printing, scanning, copying, and faxing', 'http://localhost:8000/api/images/25.jpg', NULL, '2023-04-24 09:58:10'),
(26, 9, 9, 'Sabrent Rocket 1TB NVMe SSD', '149.99', 'High-speed storage for gaming and content creation', 'Sequential read/write speeds up to 5000/4400 MB/s', 'http://localhost:8000/api/images/26.jpg', NULL, '2023-04-24 09:58:10'),
(27, 10, 10, 'Sennheiser Momentum True Wireless 2', '299.99', 'Wireless earbuds for audiophiles', '7-hour battery life, active noise cancellation, aptX codec support', 'http://localhost:8000/api/images/27.jpg', NULL, '2023-04-24 09:58:10'),
(28, 1, 1, 'MacBook Air', '999.99', 'Thin and light laptop for everyday use', '13.3-inch Retina display, M1 chip, up to 16GB memory', 'http://localhost:8000/api/images/28.jpg', NULL, '2023-04-24 09:58:10'),
(29, 2, 3, 'Galaxy S21 Ultra', '1199.99', 'Premium smartphone for photography and videography', '6.8-inch Dynamic AMOLED display, Qualcomm Snapdragon 888, 12GB memory', 'http://localhost:8000/api/images/29.jpg', NULL, '2023-04-24 09:58:10'),
(30, 3, 1, 'Dell G5 15', '1099.99', 'Gaming laptop for enthusiasts', '15.6-inch FHD display, AMD Ryzen 7, NVIDIA GeForce RTX 3060 graphics, 16GB memory', 'http://localhost:8000/api/images/30.jpg', NULL, '2023-04-24 09:58:10'),
(31, 4, 1, 'Envy Laptop', '899.99', 'Premium laptop for professionals', '15.6-inch FHD display, 11th Gen Intel Core i7, NVIDIA GeForce GTX 1650 graphics, 16GB memory', 'http://localhost:8000/api/images/31.jpg', NULL, '2023-04-24 09:58:10'),
(32, 2, 7, 'Samsung T7 Portable SSD', '169.99', 'Portable storage for on-the-go', '1TB capacity, USB 3.2 Gen 2 interface, up to 1050 MB/s transfer speed', 'http://localhost:8000/api/images/32.jpg', NULL, '2023-04-24 09:58:10'),
(33, 6, 1, 'ThinkPad X1 Yoga', '1849.99', 'Premium 2-in-1 laptop for professionals', '14-inch FHD display, 11th Gen Intel Core i7, up to 16GB memory', 'http://localhost:8000/api/images/33.jpg', NULL, '2023-04-24 09:58:10'),
(34, 12, 9, 'GeForce RTX 3070', '599.99', 'Mid-range graphics card for gaming and content creation', '8GB GDDR6 memory, NVIDIA Ampere architecture', 'http://localhost:8000/api/images/34.jpg', NULL, '2023-04-24 09:58:10'),
(35, 4, 8, 'DeskJet Plus 4155', '129.99', 'All-in-one printer for home use', 'Wireless printing, scanning, and copying, up to 8.5 pages per minute', 'http://localhost:8000/api/images/35.jpg', NULL, '2023-04-24 09:58:10'),
(36, 9, 9, 'Corsair Vengeance LPX 16GB DDR4 RAM', '79.99', 'High-speed memory for gaming and content creation', '3200 MHz, low profile heat spreader', 'http://localhost:8000/api/images/36.jpg', NULL, '2023-04-24 09:58:10'),
(37, 10, 10, 'Jabra Elite 85t', '229.99', 'True wireless earbuds with adjustable noise cancellation', '7-hour battery life, wireless charging case, advanced call quality', 'http://localhost:8000/api/images/37.jpg', NULL, '2023-04-24 09:58:10'),
(38, 1, 3, 'iPhone 13', '799.99', 'Latest smartphone from Apple', '6.1-inch Super Retina XDR display, A15 Bionic chip, 5G', 'http://localhost:8000/api/images/38.jpg', NULL, '2023-04-24 09:58:10'),
(39, 2, 3, 'Galaxy Note 20 Ultra', '1299.99', 'Premium smartphone with S Pen', '6.9-inch Dynamic AMOLED display, Qualcomm Snapdragon 865+, 12GB memory', 'http://localhost:8000/api/images/39.jpg', NULL, '2023-04-24 09:58:10'),
(40, 3, 6, 'Dell P2419H', '189.99', '24-inch monitor for business use', 'FHD display, USB-C and HDMI ports, adjustable stand', 'http://localhost:8000/api/images/40.jpg', NULL, '2023-04-24 09:58:10'),
(41, 4, 1, 'HP EliteBook x360', '1799.99', 'Premium 2-in-1 laptop for professionals', '13.3-inch FHD display, 11th Gen Intel Core i7, up to 32GB memory', 'http://localhost:8000/api/images/41.jpg', NULL, '2023-04-24 09:58:10'),
(42, 11, 9, 'AMD Ryzen 9 5900X', '629.99', 'High-performance processor for gaming and content creation', '12 cores, 24 threads, 3.7 GHz base clock speed, 105W TDP', 'http://localhost:8000/api/images/42.jpg', NULL, '2023-04-24 09:58:10'),
(43, 11, 9, 'AMD Radeon RX 6600 XT', '459.99', 'Mid-range graphics card for gaming and content creation', '8GB GDDR6 memory, AMD RDNA 2 architecture', 'http://localhost:8000/api/images/43.jpg', NULL, '2023-04-24 09:58:10'),
(44, 11, 9, 'AMD Ryzen Threadripper 3990X', '3999.99', 'High-end desktop processor for demanding workloads', '64 cores, 128 threads, 2.9 GHz base clock speed, 280W TDP', 'http://localhost:8000/api/images/44.jpg', NULL, '2023-04-24 09:58:10'),
(45, 5, 5, 'Alienware Aurora R12', '2099.99', 'Powerful gaming desktop', '11th Gen Intel Core i7, NVIDIA GeForce RTX 3070 graphics, up to 64GB memory', 'http://localhost:8000/api/images/45.jpg', NULL, '2023-04-24 09:58:10'),
(46, 7, 5, 'ROG Strix GA15', '2199.99', 'Gaming desktop with a unique design', 'AMD Ryzen 9 5900X, NVIDIA GeForce RTX 3080 graphics, up to 32GB memory', 'http://localhost:8000/api/images/46.jpg', NULL, '2023-04-24 09:58:10'),
(47, 6, 2, 'ThinkCentre M920 Tiny', '699.99', 'Small form factor desktop for business use', '8th Gen Intel Core i7, up to 16GB memory, multiple mounting options', 'http://localhost:8000/api/images/47.jpg', NULL, '2023-04-24 09:58:10'),
(48, 4, 2, 'HP EliteDesk 800 G6 Tower PC', '1299.99', 'Powerful desktop for business use', '11th Gen Intel Core i7, up to 64GB memory, multiple expansion options', 'http://localhost:8000/api/images/48.jpg', NULL, '2023-04-24 09:58:10'),
(49, 5, 2, 'Surface Studio 2', '3499.99', 'All-in-one desktop for creative professionals', '28-inch PixelSense display, 7th Gen Intel Core i7, NVIDIA GeForce GTX 1070 graphics, up to 32GB memory', 'http://localhost:8000/api/images/49.jpg', NULL, '2023-04-24 09:58:10'),
(50, 7, 5, 'ROG Strix GA15DK', '1599.99', 'Gaming desktop with a compact design', 'AMD Ryzen 7 5800X, NVIDIA GeForce RTX 3070 graphics, up to 32GB memory', 'http://localhost:8000/api/images/50.jpg', NULL, '2023-04-24 09:58:10'),
(51, 1, 7, 'Magic Keyboard', '99.99', 'Wireless keyboard for Mac computers', 'Scissor mechanism, numeric keypad, rechargeable battery', 'http://localhost:8000/api/images/51.jpg', NULL, '2023-04-24 09:58:10'),
(52, 3, 7, 'Dell UltraSharp Webcam', '199.99', '4K webcam for video conferencing and content creation', '2160p resolution, 3D/depth sensing, Windows Hello facial recognition', 'http://localhost:8000/api/images/52.jpg', NULL, '2023-04-24 09:58:10'),
(53, 6, 7, 'Yoga Webcam Privacy Shutter', '29.99', 'HD webcam for Yoga laptops with privacy shutter', '720p resolution, privacy shutter to block camera when not in use', 'http://localhost:8000/api/images/53.jpg', NULL, '2023-04-24 09:58:10'),
(54, 8, 7, 'Acer Predator Cestus 330', '79.99', 'Gaming mouse with customizable buttons and RGB lighting', '16000 DPI optical sensor, Omron switches, 16.8 million color options', 'http://localhost:8000/api/images/54.jpg', NULL, '2023-04-24 09:58:10'),
(55, 1, 4, 'iPad Air', '599.99', 'Powerful and lightweight tablet from Apple', '10.9-inch Liquid Retina display, A14 Bionic chip, up to 256GB storage, Touch ID', 'http://localhost:8000/api/images/55.jpg', NULL, '2023-04-24 09:58:10'),
(56, 6, 4, 'Yoga Tab 13', '679.99', 'Versatile tablet with built-in kickstand and projector', '13-inch 2K display, Snapdragon 870 processor, up to 8GB memory, up to 256GB storage', 'http://localhost:8000/api/images/56.jpg', NULL, '2023-04-24 09:58:10'),
(57, 2, 4, 'Galaxy Tab S7', '649.99', 'Android tablet with S Pen and 120Hz display', '11-inch LTPS display, Snapdragon 865+ processor, up to 8GB memory, up to 512GB storage', 'http://localhost:8000/api/images/57.jpg', NULL, '2023-04-24 09:58:10'),
(58, 5, 4, 'Surface Pro 7', '899.99', 'Windows tablet with detachable keyboard and kickstand', '12.3-inch PixelSense display, 10th Gen Intel Core processors, up to 16GB memory, up to 1TB storage', 'http://localhost:8000/api/images/58.jpg', NULL, '2023-04-24 09:58:10'),
(59, 9, 4, 'Xperia 1 III', '1199.99', 'Multimedia tablet with 21:9 aspect ratio display', '6.5-inch OLED display, Snapdragon 888 processor, up to 12GB memory, up to 256GB storage', 'http://localhost:8000/api/images/59.jpg', NULL, '2023-04-24 09:58:10'),
(60, 4, 4, 'HP ElitePad 1000 G2', '799.99', 'Business tablet with durable design and optional dock', '10.1-inch Gorilla Glass display, Intel Atom processor, up to 4GB memory, up to 128GB storage', 'http://localhost:8000/api/images/60.jpg', NULL, '2023-04-24 09:58:10');

